nome;seguidores;tweets;seguindo;curtidas;hashtags
Frente BrasilPopular;9677;2833;157;272;#EuSouLula #LulaValeALuta #LulavaleaLuta #FrenteContraOFascismo #LulaLivre #Cuba #Globogolpista #DemocratizeJ√° #AtentadoContraADemocracia #CongressodoPovo #OcupaCuritiba #OBrasilVencer√°o√ìdio #lulalivre #CampanhaLulaLivre #GloboGolpista #Lulalivre #Tim√£o #LULALIVRE #EusouLula #LulaLibre #LulaPeloSul #JamaisAprisionar√£oNossosSonhos #OcupaSaoBernardo #FreedomforLula #aovivo #CUTsp
üó£POVO sem MEDOüö∂;3336;3369;450;3626;#EuSouLula #lulavalealuta #MariellePresente #BeloHorizonte #LulaValeALuta #BrasildeFato #Frentecontraofascismo #ManuAoVivo #LULAvaleaLUTA #DilmaSenadora #lula #OcupaSaoBernado #Lula #LulaValeaLuta #globonews #ManuNaTVT #FuerzaLula #MeuAmigoSecreto #ForaDilma #LulaValeLaLucha #Timeline #LulaPeloBrasil #OcupaCuritibaDia05 #OPovoQuerLulaLivre #OcupaTudo #AoVivo #LulaVive #MTST #eusoulula #LulapeloSul #AtentadoContraLULA #VotouContraOPovoNaoVolta #OcupaTriplex #JamaisAprisionaraoNossosSonhos #EnMarcha #ResisteLULA #AtentadoContra #FrenteContraOFascismo #Siria #Frente #povosemmedo #Uruguai #LulaPresoPolitico #AtentadocontraLula #NaoConfioEm #Francia #LulapeloParana #DemocratizeJ√° #RETIRAPL621J√Å #ResisteLula #EEUU #OcupaCuritiba #AOVIVO #Lisboa #AndersonPRESEN #MexeuComLulaMexeuComigo #Lulavalealuta #atentadoContraADemocracia #Forza #Mariellepresente #LulaLibre #LulaPeloSul #OcupaSaoBernardo #DigaNaoAoPato #AtentadoContraAdemocracia #OcupaCuritibaDia03 #SomosMilh√µesDeLulas #AsedioEnSiria #JN #liber√©lula #OcupaCuritibaDia04 #FakeNews #frentebrasilpopular #LulaValeALula #JamaisAprisionaraoNossoSonhos #Sextou #PodemosAnularOGolpe #Golpe2016 #ocupasaobernardo #CostaRica #AtentadoContraADemocracia #Am√©ricaLatina #BrasilUrgente #AtentadoContraLula #OcupemS√£oBernardo #LULAPELOSUL #emo√ß√£o #BrasilLivre #MariellePRESENTE #lulalivre #Injusti√ßaN√ÉO #Brasil #LulaCandidato #GloboGolpista #DiretasJ√° #EusouLula #LulaInocente #N3305Abr #PovoSemMedo #TodosSomosLula #1deabril #OTAN #DiadaMentira #LulaNobelDaPaz #OCUPAS√£oBernardo #lulafree #OcupaRedeGlobo #LulaLivreJ√° #MarisaLeticiaVive #Bandnewsfm #LulaLivre #LulaLive #JG #OcupemSaoBernardo #FrenteContraoFascismo #Resistiremos #vamos #lula2018 #asVoltasDaHist√≥ria #Rusia #DeixaElaTrabalhar #OBrasilVencer√°o√ìdio #Lulalivre #Festival #LULAVALEALUTA #OcupaBrasilia #VemPraRua3deAbril #MarielleVive #CafezinhoDaNoite #TimeLife #JejumdoDD #eqp #VIDEO #OcupaS√£oBernardo #aovivo #Campinas #atentadocontraademocracia #LulaPresidente #AsedioASiria
Ocupapolitica;13;0;1;0;
Movimento Agora!;2157;586;137;346;#Cidades #GeorgeOrwell #CidadesMaisHumanas #Educa√ß√£oAgora #Paulista #DireitosIguais #DicaDeLeitura #ContraDesigualdades #DiaMundialdaAgua #Mobiliza√ß√£o #AgoranosEUA #AgoraEscuta #Participe #Renovar #BrazilConference #Comente #Pesquisa #RIPStephenHawking #Assista #Compare√ßa #Coragem #Educacao #AgoraEscutaRJ #IgualdadeAgora #PraResolverAgora #AgoraPeloMundo #Dialogar #Educa√ß√£o #Vem #Agora #Humanas #Curta #FraseDaSemana #MulheresNaPol√≠tica #brazilconference #AcaoQueTransforma #SemanasTem√°ticasAgora #tbt #SemanaDaEduca√ß√£o #educacaonaveia #AVerdade #Otimismo #FimDaImpunidade #Compartilhe #Conhe√ßa #SemanaDeEduca√ß√£o #NossosMembros #Sa√∫deAgora #PorDentro #PraResoverAgora #Cultura #DireitosHumanosAgora #Pol√≠tica #Leia #AgoraEscutaEUA #Liberdade #AGORAnosEUA #AoVivo #Parceiro #Escuta
Bancada Ativista;291;43;74;16;
RenovaBR;1561;137;192;103;#OBrasilTemJeito #FimDoForo #STF #NaoConfioEm #apagao #OuseEscolher
M√≠dia NINJA;372426;32114;1836;3797;#MariellePresente #EuSouLula #lulavalealuta #LulaValeALuta #maisamorporfavor #AndersonVive #CHILE #ForaTemer #Fran√ßa #DoisAnosDeGolpe #NovaYork #PareDeMatarGente #VOICEOFTHEPEOPLE #lula #SomosTodosLula #AbortoLegalYa #It√°lia #OcupaSaoBernado #Lula #VaiTerLuta #mariellepresente #LulaLuvre #LulaLIvre #Holanda #MarilleVive #LulaPeloBrasil #Washington #Aovivo #mariellevive #OPovoQuerLulaLivre #Su√©cia #AmanhecerporMarielleEAnderson #AoVivo #2anosdegolpe #MTST #eusoulula #LulapeloSul #NINJAaoVivo #interven√ß√£o√©farsa #JamaisAprisionaraoNossosSonhos #EnMarcha #AHORA #ParemDeMatarGente #OPa√≠sQueEuQuero #CinemaAoVivo #GolpeNuncaMais #FrenteContraOFascismo #Paris #AbrilInd√≠gena #AtentadoContraDemocracia #ParemdeMatarGente #PatriaGrande #Austr√°lia #frentecontraofascismo #Uruguai #ocupacuritiba #plant√£oNINJA #NuncaMas #NovaIorque #LulapeloBrasil #ocupasaobernado #cadeasprovas #MarchForOurLives #Barcelona #OcupaCuritiba #AOVIVO #Lisboa #MarielleViver #TodosContraOFascismo #AndersonViver #Plant√£oNINJA #MarielleFranco #EstadoDeExce√ß√£o #LULALIVRE #Inglaterra #OldSchool #LulaLibre #NinjaAoVivo #LulaPeloSul #JamaisAprisionar√£oNossosSonhos #OcupaSaoBernardo #DemocraciaVive #YankeeGoHome #CinemaPreto #DiaDeLaMemoria #lulaValealuta #liber√©lula #jamaisaprisionaraonossossonhos #LevanteEmDefesaDeLula #CanaDeA√ßucarNaAmaz√¥niaN√£o #MariellenPresente #Tun√≠sia #AndersonPresente #LulaValeALula #JamaisAprisionaraoNossoSonhos #WitnessTheTourRJ #EstadosUnidos #FavelaQuerPaz #RepresentatividadeImporta #ocupasaobernardo #Portugal #WhySyria #LulaLula #ATL2018 #AtentadoContraADemocracia #EuSoLula #AtentadoContraLula #lulalive #AtentadoContraADemocr #MariellePRESENTE #TerraLivre #lulalivre #GloboGolpista #BoulosResponde #EusouLula #FreeLula #PrayForSyria #ManifestoLiberdade #342Artes #Canad√° #VamosComBoulosESonia #Argentina #lulafree #AoVivoA #Vamos2018 #LulaLivre #Su√≠√ßa #LulaValeAluta #DoisANosDeGolpe #LuzesParaMarielle #URGENTE #MaisAmorPorFavor #EUA #AtentadoADemocracia #AmanhecerPorMarielleEAnderson #StopTheWar #Syria #PalestinaLivre #Lulalivre #ocupas√£obernardo #20M #MarielleVive #TimeLife #OcupaS√£oBernardo #MAriellePresente #aovivo #OcupaS√£oBernado #Sui√ßa #MarielleIVive #Espanha
342 Artes;1460;75;1;5;#342Agora #342ComMarielle #MariellePresente #AndersonPresente #Queermuseu #MarielleVive #QueroReiDaVelaNoRio #CacoCiocler #HenriqueVieira #PastorHenriqueVieira #ParqueLage #OReiDaVela #342Artes #Movimento342 #EuQueroQueer
MTST;27497;10602;48;26;#MTST #Vamos2018 #LulaLivre #OcupaS√£oBernardo #lulalivre #AoVivo
MST Oficial;87166;14683;261;466;#EuSouLula #MariellePresente #BrasildeFato #LulaValeALuta #TemerELimaCorruptos #JornadadeLutas #ReformaAgr√°riaJa #DiaMundialDa√Ågua #17abril #OcupaSaoBernado #LulaValeaLuta #VemPraMarcha #EuApoioReformaAgraria #LulaLIvre #SolidaridadMarielle #MarilleVive #LulaPeloBrasil #VemproFAMA #mulherespela√°gua #OPovoQuerLulaLivre #LulaLIvreJ√° #AoVivo #LulapeloSul #JornadadeLuta #√Ågua√âUmDireito #ReformaAgr√°ria #AtentadoContra #LulaValeLuta #PatriaGrande #SolidariedadeInternacional #DemocratizeJ√° #LulapeloBrasil #Demarca√ß√£oJ√° #OcupaCuritiba #AOVIVO #FAMA2018 #Lula2018 #R√°diosMST #LULALIVRE #ReformaAgrariaJa #MulheresPelaAgua #ENFOTOS #LulaPeloSul #JamaisAprisionar√£oNossosSonhos #OcupaSaoBernardo #AtentandoContraADemocracia #reformaagr√°ria #LuttesPaysannes #JamaisPoderaoAprisionarNossosSonhos #Agua√©Direito #ReformaAgr√°riaJ√° #feiradareformaagr√°ria #reformaagraria #DitaduraNuncaMais #Fama2018 #LulaValeALula #FeiradaReformaAgraria #17Abril #AtentadoContraADemocracia #AtentadoContraLula #Lulafree #lulalivre #30diasporMarielle #Brasil #FreiHenriVive #EuVouPraFeiradaReformaAgraria #LulaInocente #30DiasPorMarielle #PeasantsRightsNow #AtentadosContraADemocracia #LutarSempre #Abril17 #MoroGolpista #JamaisPoder√£oAprisionarNossosSonhos #LaViaCampesina #LulaLivreJ√° #LulaLivre #CubaSoberan√≠aAlimentaria #LulaFree #EldoradoDosCaraj√°s #URGENTE #Mulherespela√Ågua #BastaDeViol√™ncia #Lulalivre #LULAVALEALUTA #FeiraNacionaldaReformaAgr√°ria #JuventudeSemTerra #MarielleVive #PadreAmaroLivre #VemproFAM #OcupaS√£oBernardo #FeiradaReformaAgr√°ria #OcupaS√£oBernado #MulheresPela√Ågua #√Ågua√©Direito #ReformaAgrariaJ√° 
MPL - S√£o Paulo;5758;3220;163;193;
UNE;64496;19212;648;1701;#MariellePresente #LulaValeALuta #uee #UNEVolante #AndersonPresente #LulaLivre #8EME #tcc #LulaValeaLuta #Enem2018 #amor #LulaLIvre #love #lulalivre #Lulavalealuta #une #mg #DonaIvone #namorados #MarielleVive #OcupaSaoBernardo #OcupaS√£oBernardo #SOSFUTURO #EMEUNE
CUT Brasil;55720;17998;865;3326;#EuSouLula #eusoulula #MG #LulaValeALuta #JamaisAprisionaraoNossosSonhos #FrenteContraOFascismo #SP #PLdoExterm√≠nio #Tuiuti #Apag√£oNorte #TradeUnions #LulaLivre #JamaisAprisionaraoNossoSonhos #LulaPeloRS #PatriaGrande #PortalCUT #Apag√£o #EmbajadaBrasil #JusticiaparaMarielle #AtentadoContraADemocracia #Apag√£oNordeste #AtentadoContraLula #DeuRuim #OcupaCuritiba #LulapelosSul #LulaLIvre #LulaPeloPR #lulalivre #GloboGolpista #Lulalivre #MarielleFranco #socialdialogue #LulaPeloBrasil #Acampamento #MulheresPelaAgua #LulaPeloSul #OcupaSaoBernardo #AtentadosContraADemocracia #OcupaS√£oBernardo #Singer #MulheresPela√Ågua #GOLPE
Levante da Juventude;8431;9102;146;248;#EuSouLula #OcupaCear√° #MariellePresente #LevanteNoEME #LulaValeALuta #LevanteNo8EME #JamaisAprisionaraoNossosSonhos #Agua√©Direito #FakeNews #LulaLivre #PatriaGrande #LulaouLuto #OcupaSaoBernado #QuemMatouMarielle #LEVANTEno8EME #AtentadoContraADemocracia #DiaDaMentira #LulaValeaLuta #AtentadoContraLula #OcupaCuritiba #lulalivre #WinnieMandela #Golpe #LulaPeloBrasil #VemproFAMA #LulaInocente #8EMEdaUNE #LulaPeloSul #JamaisAprisionar√£oNossosSonhos #OcupaSaoBernardo #1deabril #OcupaS√£oBernardo #LulaPresidente #ditaduranuncamais
maismovimento;308;2390;233;104;#MariellePresente
UJS;21411;21028;2436;1835;#EuSouLula #LulaVive #MariellePresente #LulaValeALuta #ManuAoVivo #JamaisAprisionaraoNossosSonhos #UJSComManu #PARIS #equipe #FrenteContraOFascismo #MulheresNoPoder #SP #GolpeNuncaMais #DeQuem√âoTriplex #EquipeCarina #LulaValeALula #LulaLivre #LulaValeAluta #JuizDeFora #OcupemSaoBernardo #LulaPresoPolitico #ENEM2018 #SomosTodosLula #PortoAlegre #comosupremocomtudo #UJSBrasil #JamaisAprisonaraoNossosSonhos #AtentadoContraADemocracia #Lula #OcupaOpoder #OcupemS√£oBernardo #tbt #ComOSupremoComTudo #STF #ManuEmCuiab√°Audi√™ncia #MariellePRESENTE #CarinaNoPanico #lulalivre #Lulavalealuta #S√£oPaulo #ManuPeloBrasil #OcupaOTriplex #Lulalivre #UJSNoMackenzie #MarielleFranco #LULALIVRE #SouLula #LULAVALEALUTA #Resist√™ncia #VaiDino #MarielleVive #LulaLibre #OcupaOPoder #TodosSomosLula #8EMEdaUNE #ManifestoLiberdade #LulaUmaIdeia #JamaisAprisionar√£oNossosSonhos #OcupaSaoBernardo #OcupaS√£oBernardo #UJS_Brasil #OPovoQuerLulaLivre #LulaPeloSul #AGORA #Manu2018
UJR Brasil;133;27;70;15;
Fa√≠sca!;648;588;632;438;#MariellePresente #EdsonLuisPresente #MarielleVive #DesarquivandoBR #MarielleFrancoPresente #N√£o√Äinterven√ß√£o #Justi√ßaParaMarielle
P√£o e Rosas;614;888;303;571;#MariellePresente #EdsonLuisPresente #PorMarielle #Brasil #30DiasPorMarielle #MarielleVive #DesarquivandoBR #MarielleFrancoPresente #N√£oTemArrego #HuelgaCarrefourServimil #N√£o√Äinterven√ß√£o #Catalunya #Agora #AbortoLegalYa #Justi√ßaParaMarielle #Marielle #MarielleFranco
UBES;22710;11388;862;238;#MariellePresente #LulaValeALuta #gremioescolar #SeguimosEmLuta #povonegrovivo #CanaldaUBES #SeLiga16PeloBrasil #BienalDaUMES #gremios #EscolaP√∫blicaDeQualidade #DiaInternacionalContraORacismo #gay #Educa√ß√£oParaTodos #Inclus√£oSocial #DocumentoDoEstudante #JornadaDeLutasDaBES #EJA #PorUmaEduca√ß√£oP√∫blicaDeQualidade #JornadaDeLutas #N√£oAoPreonceito #ANDES #lesbofobia #PelaDemocracia #LGBTfobia #OcupaTudo #FSM #Educa√ß√£oP√∫blicaDeQualidade #DemocraciaNasEscolas #depress√£o #PorUmaEscolaP√∫blicaEDeQualidade #N√£oV√£oNosCalar #escolas #LGBT #TituloDeEleitor #JamaisAprisionaraoNossosSonhos #CircusDaUbes #Secundaristas #JornadaDeLutasDaUBES #EdsonLuis #EstudantesNaLuta #SecundasResistem #HipHop #EmDefesaDaDemocracia #BoraOcuparAsUrnas #ArteDosSecundas #Educa√ß√£o #Marielle #CriativosdaEscola #Edson #UBES70anos #Carteirinha #28m #equipefeminina #gr√™mio #OcupaSaoBernardo #SeLiga16 #Movimento #EdsonPresente #SextaFeira13 #JornadaDeLutas2018 #jornadadelutasEdsonLu√≠s #SaudeMental #Sa√∫deMental #Depress√£o #EdsonLu√≠s #AFavorDaDemocracia #not√≠cias #LugarDeMulher√âOndeElaQuiser #JornadasDeLutaDaUBES #UESC #transfobia #GreveDosProfessores #Am√©ricaLatina #orgulhogay #Elei√ß√µes #MovimentoEstudantil #tbt #Gr√™mioLivre #UMES #Educa√ß√£oDeQualidade #UBES70Anos #Col√¥mbia #SecundasNaLuta #MLKeterno #bifobia #ContraAReformaDaPrevid√™ncia #homofobia #PorUmaEduca√ß√£oPublicaEDeQualidade #Maric√° #PovoSemMedoDeLutar #CaravanaCora√ß√£odeEstudante #Ligue180 #IniciativasDosSecundas #PorUmaEscolaP√∫blicaDeQualidade #Gr√™mios #DiaInternacionalDaS√≠ndromeDeDown #Inclus√£oNasEscolas #JornadaDeLutasdaUBES #MonteSeuGremio #JornadadeLutasdaUBES #LulaLivre #OcuparTudo #Ansiedade #conquistas #CaravanaCora√ß√£oDeEstudante #CanalDaUBES #UBESsetentinha #EmDefesaDaEduca√ß√£o #ForumSocialMundial #LiteraturaPerif√©rica #Educa√ß√£o√âInvestimento #EscolaSemMorda√ßa #CarteirinhaDaUBES #ansiedade #N√£o√âFrescura #MeiaEntrada #MarielleVive #28M #Gremio #OcupaS√£oBernardo #MartinLutherKing #Gr√™mioEstudantil #CaravanaDeEstudante #UBES
UJC Brasil;565;289;41;14;
Juv. Anticapitalista;608;3998;87;187;#MariellePresente #SomosSementes #ocupatriplex #Interven√ß√£oN√£o #AndersonPresente #LulaLivre #EdsonLuisPresente #VidasNegrasImportam #8EME #EuSouRueira #Quem√âoBolsominion #SomosSemente #Nao√†Interven√ß√£o #Mariellevive #MarielleSemente #AmanhecerPorMarielleEAnderson #SolidariedadeManuela #MarielleFranco #Aovivo #Mariellepresente #MarielleVive #PovoSemMedo #28M #8EMEdaUNE #AoVivo #2anosdegolpe #Andersonpresente
UBM Oficial;166;582;150;0;#DefenderOSUS√©DefenderoBrasil #LulaLivre #ArteEngajada #MarielleVive #X√¥Fascistas #SUS #VidasNegrasImportam #Mar√ßoRebelde #AndersonVive #UBMCE #N√£oAoRacismo
MAB;4059;1906;899;550;
CONTAG;1379;1971;522;194;#VemproFAMA #LulaValeALuta #democracia #LulaPeloSul #Agua√©Direito #Fama2018 #AtentadoContraADemocracia #Lulalivre
Geled√©s Mulher Negra;32694;33028;192;119;#intervencaomilitar #noorun #MayaAngelou #JuarezTadeudePaulaXavier #uneafro #cinema #mulheres #Questoesdegenero #L√°zaroRamos #afroamericanos #Afroempreendedores #complexodeviralata #Geledes30anos #modelos #geledes30anos #lula #mercadodetrabalho #Estelar #audiovisual #musica #afrobrasileirosesuaslutas #Geled√©s30anos #Lula #√Åfricaesuadi√°spora #Ta√≠sAraujo #cientistasnegros #EmPauta #mariellepresente #Casosderacismo #Mariellefranco #cotasraciais #mulhernegra #Viol√™nciacontramulher #racismo #Direitoshumanos #CarolinadeJesus #Entretenimento #entretenimento #Viol√™nciacontraMulher #patrimoniocultural #Meritocracia #quest√µesdeg√™nero #Ta√≠sAra√∫jo #maternidade #afrofuturismo #odio #corrup√ßao #comunicacao #empauta #Sexo #violenciaracialepolicial #cinemanegro #esquecerjamais #LeonardoSakamoto #racismonaescola #Educa√ß√£o #ivonelara #DianeLima #CasosdeRacismo #literatura #lecibrandao #comunica√ß√£o #Mulhernegra #WinnieMandela #casosderacismo #viol√™nciacontramulher #MarielleFranco #panteranegra #viol√™nciaracialepolicial #politicadedrogas #questaoracial #feminicidio #LegadoMarielle #elei√ß√µes #midia #ind√≠genas #violenciaracial #Discrimina√ß√£oePreconceitos #intoler√¢nciareligiosa #Afrobrasileirosesuaslutas #direitoshumanos #MartinLutherKin #MercadodeTrabalho #Questoesdeg√™nero #Quest√£oRacial #cotas #guestpost #MulherNegra #fascismo #ErikaJanuza #politica #lazaroramos #trabalhoescravo #mulheresnegras #educa√ß√£o #livro #questoesdegenero #Noorun #Cinema #moda #fotografia #feminismo #lindabrown #samba #democracia #religi√µes #Literatura #educacao #educa√ßao #quest√£oracial #onumulheres #marielefranco #LGBTI #tecnologia #miltonnascimento #rob√¥s #tv #autodeclaracao #cuti #Esquerda #manifestacoesculturais #beyonce #Quest√µesdeg√™nero #ovosindigenas #unesp #quilombola #diversidade #branquidade #pol√≠tica #domesticas #mariellefranco #ONU #noOrun #violenciacontramulher #branquitude #geledes
Marcha das Mulheres;20131;6177;390;154;#EuSouLula #eusoulula #LulaLivre #LulaValeALuta #JamaisAprisionaraoNossosSonhos #JamaisAprisionar√£oNossosSonhos #FAMA2018 #lulalivre #feminismo
N√£o Me Kahlo;90199;12471;1045;4007;#MariellePresente #padrim #QuemMatouMarielle #blogn√£omekahlo #Feminismo #militou #MeuAmigoSecreto #MarielleVive #ficadica #escolasempartido #podcastfriday #MarielleHojeESempre #UmM√™sSemMarielle #1deAbril #G1 #MLK50 #MarielleFranco
Vem Pra Rua Brasil;99813;14301;462;1354;#HabeasCorpusN√£o #VemPraRuaDia3DeAbril #LulaNaCadeia #VemPraRuaDia3deAbril #justi√ßaParaTodos #PrendeLogoMoro #ResistaCarmenLucia #ResistaCamenLucia #DelataPalocci #Justi√ßaParaTodos #sqn #ResistaCarmemLucia #VandalismoN√£o #VemPraRua3deAgo #Luladraonacadeia #LulaPresoAmanh√£ #LulaPreso #A√©cioNaCadeia #JusticaParaTodos #NaoTraiaOBrasilRosaWeber #Prisao2aInstanciaSim #ImpunidadeN√£o #resistacarmenlucia #LavaJato #vemprarua3deabril #VemPraRua3deAbril #NaoDecepcioneRosaWeber #justi√ßaparatodos #PrendeLogoPF #Justi√ßaP√°raTodos
Revoltados ON LINE;44647;23709;2890;753;#Metalurgicos #AvPaulista #PSDB #mimimi #ProgramaSilvioSantos #SegundaDetremuraSDV #Pris√£oDoLula #LulaNaCadeia #ShowDosFamosos #REVOLTADOSONLINE #Moro #MarcelloReis #TWD8NaFOX #Justi√ßaParaTodos #PT #VotoImpresso #BomDiaBrasil #Lula #GodOfWar #Terremoto #STF #Fantastico #S√£oPaulo #Brasil #Masp #Compartilhe #MarielleFranco #CUT #RevoltadosONLINE #LavaJato #NaInfanciaEuBrincavaDe #GOLPE #GeraldoAlckmin
EPL;9765;6023;293;355;
EscolaSemPartido;17379;904;88;219;#EscolaSemPartidoJ√° #EscolaSemPartido
Inst. MercadoPopular;5483;3135;205;239;
Libertarianismo +;17341;16937;78;12;
Mov. Brasil Livre;132214;14833;575;553;#mbl #mercados_IM #VemPraRuaDia3DeAbril #LulaNaCadeia #LulaNaPris√£o #LulaNaCadeiaJa #ResistaCarmenLucia #LulaNaCadeiaJ√° #lulanacadeiaj√° #LulaPresoAmanh√£ #LulaPreso #LULANACADEIA #mblfloripa #financiamentocoletivo #Fakenews #nadadenovonofront #LULALIVRE #ELEICOESSEMLULAEFRAUDE #VemPraRua3deAbril #OGiganteAcordou #SEXTOU #crowdfunding
MCC;7687;159606;302;0;#LULA #CadeiaSemLula√âFraude #CorruptosNaCadeia #NaoSomosNumeros #LulaNaCadeia #S√≥QueN√£o #LulaNaCadeiaJa #ResistaCarmenLucia #Bag√©MeRepresenta #lulanacadeia #SomosTodosBag√© #COMPARTILHE #Lula #vemprarua #STF #ForaPT #LeiParaTODOS #CondenadoLula #Compartilhe #ApoioPM #ImpunidadeN√£o #VaiBrasil #LeiParaTodos
LIVRES;10403;2072;127;416;#livresresponde #PergunteAoCalero #LulaPresoAmanh√£ #EuSouLivres #LivresResponde #LivresDaCorrup√ß√£o #MercadoLivre #Pizza #STF #FimdoForoPrivilegiado #elei√ß√µes2018
NasRuas;14048;29683;2311;2536;#lulaNaCadeia #NAOHC #lavaJato #LulaNaCadeia #toffoliImpedido #LulaNaCadeiaJa #ResistaCarmenLucia #ResistaCamenLucia #lulaInPrison #NasRuas #Brasilia #0304euVou #LulaPresoAmanh√£ #foiceBook #STF #lulabandido #nasRuas #NaoHC #RodaViva #LavaJatoEuApoio #LulaPresoAmanha #carreataPatriotica
Twitter;62937470;6694;144;5556;#MarchForOurLives #AskMSDStudents #EqualPayDay #DreamStillLives #StudentsForChange #LoveTwitter
Lula pelo Brasil;322705;13090;463;1276;#EuSouLula #MariellePresente #LulapeloSul #PedroUczai #LulaValeALuta #LulaPresoPol√≠tico #BrasildeFato #OBrasilVaiVencer√°o√ìdio #DecioLima #liber√©lula #ENVIVO #Europa #LulanoR√°dio #lulafree #Valparaiso #LulaEuConfio #S√£oMiguelDoOeste #FrenteContraOFascismo #EUSOULULA #CaravanaLulaPeloBrasil #LulapeloParan√° #LulaLivre #LulaValeLuta #deciolima #InstitutoLula #Live #NovaErechim #LulaPeloRS #ocupasaobernardo #Portugal #SaoBorjaComLula #Uruguai #lula #LulaSC #lulapelosul #AtentadoContraADemocracia #Lula #LulapeloBrasil #AtentadoContraLula #lula2018 #LulaPorSC #AOVIVO #freeLula #OBrasilVencer√°o√ìdio #LulaPeloPR #Lulapresidente #Manu #lulalivre #Lula2018 #SejaInstitutoLula #ParlamentoEuropeu #Mundo #Brasil #ColhendoOquePlantou #Lulalivre #equipelula #Ag√™nciaPARLASUL #UmDiaComoHOJE #LulaPeloBrasil #EusouLula #LulaNoRadio #LulapeloRioGrande #LulaLibre #TodosSomosLula #LulaPeloSul #JamaisAprisionar√£oNossosSonhos #OcupaSaoBernardo #eqp #AtentadoContraaDemocracia #OcupaS√£oBernardo #N√£oSouPrincesaSouRevolucion√°ria #LulaPeloParan√° #LulaPeloParana #AoVivo #LulaEmChapeco #MERCOSUL
Fernando Haddad;581914;1655;204;66;#LulaLivre
Ciro Gomes;146158;284;17;34;#Br√©sil #entrevistaCBN #aovivo
Jo√£o Doria;877804;13079;365;108;#Jo√£oTrabalhador #Pris√£oSegundaInst√¢ncia #AmoSP #Gest√£oTransparente #SPcidadeLinda #Justi√ßaBrasil #SPmaisHumana #GestaoEficiente #Gest√£oEficiente #LulaNaCadeia #AceleraSP
Geraldo Alckmin;988889;32600;415;116;#PreparadoParaoBrasil #DiaMundialda√Ågua #DiaMundialDa√Ågua
Jair Bolsonaro;1131509;4048;183;821;
Henrique Meirelles;44014;533;173;7;#F√≥rumDaLiberdade #cdes #G20 #LIDERA #empregos #ForumDaLiberdade #BB
Michel Temer;959740;13971;571;1124;#PonteParaOFuturo #MaisAlfabetiza√ß√£o #Conselh√£o #SummitPeru #DesenvolvimentoRegional #Itamaraty #SAMU192 #8ForumMundialDaAgua #CumbrePeru #SUS #BrasilLivredeAftosa #Compartilhando√Ågua #conselh√£o #AvozdoBrasil #CDES #WWF8 #CumbrePer√∫ #MinhaCasaMinhaVida #PlantadoresDeRios #Ordem√©Progresso #MDB #Brasil #Col√¥mbia #cdes #FIES #aovivo #AoVivo #C√∫pulaPeru #Agora√©Avan√ßar
Marina Silva;1909320;8618;448;2512;#ForumMundialDaAgua #pergunteamarina #ForumDaLiberdade #UniCorre #pergunteaMarina
Levy Fidelix;20772;7997;433;118;#Contamoscomtodososbrasileiros
Pastor Everaldo 20;16026;5819;200;416;#vempro20
Flavio Rocha;23795;3935;599;489;#brasil200 #forumdaliberdade #simposionacionaldovarejo #Brasil200 #√ânoticia #Elei√ß√µes2018 #PRB #mercados_IM #RodaViva #G1 #Marielle #OsPingosNosIs
Roberto Justus Ofici;1276271;2146;105;11;#dialindo #saude #loveofmylife #bdaylujustus #sport #weekend
Guilherme Boulos;44540;1285;211;287;#MariellePresente #MTST #capaoredondo #Psol #VamosComBoulosESonia #Vamos #LulaValeALuta #democracia #marchforourlives #518AnosDepois #vamoscomboulos #povosemmedo #ferr√©z #AndersonPRESENTE #vamospelonordeste #Vamos2018 #LulaLivre #DoisAnosDeGolpe #VamosComBolosESonia #ALuta√âPraValer #64NuncaMais #ATL2018 #AtentadoContraADemocracia #psol #golpenuncamais #VamosComBoulosES√¥nia #AtentadoContraLula #vamos #mariellepresente #OPovoNao√âBobo #LulaLIvre #mtst #1dasul #MariellePRESENTE #TerraLivre #lulalivre #PSol #VamosComBoulos #GloboGolpista #Lulalivre #Plant√£oNINJA #VamosComBoulosEGuajajara #vamoscomboulosesonia #VamosPeloNordeste #NaM√≠dia #MarielleEAndersonPresente #BoulosResponde #PovoSemMedo #Cultura #MarielleVive #AmanhecerPorMarielle #VamosComSoniaEBoulos #mariellevive #AtentadosContraADemocracia #eqp #342Amaz√¥nia #OcupaS√£oBernardo #aovivo #AoVivo #luzesparamarielleeanderson #vamos2018 #boulosresponde
Jaques Wagner;63316;7996;662;442;#LulaLivre #Fafen #AtentadoContraLula #LulaValeALuta #metr√¥ #energiasolar #SantoEstev√£o #correria #Bahia #ObraTamanhoG #LulaLivra #DemocraciaVive #VLT
Fernando Collor;28254;3035;254;2;#Brasil #Collor #CollorSenador #Senado
Cristovam Buarque;779609;47514;438;276;
